artist,album,track_name,track_id,danceability,energy,key,loudness,mode,speechiness,acousticness,instrumentalness,liveness,valence,tempo,duration_ms,time_signature
GROUPLOVE,Never Trust a Happy Song,Tongue Tied,0GO8y8jQk1PkHzS31d699N,0.56,0.936,3,-5.835,1,0.0439,0.00847,0,0.161,0.371,112.96,218013,4
Corinne Bailey Rae,Corinne Bailey Rae,Put Your Records On,2nGFzvICaeEWjIrBrL2RAx,0.739,0.511,9,-7.844,1,0.0362,0.167,1.34e-06,0.133,0.542,96.038,215360,4
Tears For Fears,Songs From The Big Chair (Super Deluxe Edition),Everybody Wants To Rule The World,4RvWPyQ5RL0ao9LPZeSouE,0.645,0.795,7,-12.095,1,0.0527,0.347,0.00389,0.104,0.535,112.067,251489,4
Santana,Supernatural (Remastered),Maria Maria (feat. The Product G&B),3XKIUb7HzIF1Vu9usunMzc,0.777,0.601,2,-5.931,1,0.126,0.0406,0.00201,0.0348,0.68,97.911,261973,4
Outkast,Speakerboxxx/The Love Below,Hey Ya!,2PpruBYCo4H7WOBJ7Q2EwM,0.727,0.974,4,-2.261,0,0.0664,0.103,0.000532,0.174,0.965,79.526,235213,4
Peter Bjorn and John,Writer's Block,Young Folks,4dyx5SzxPPaD8xQIid5Wjj,0.699,0.812,0,-6.005,1,0.0377,0.0164,0.000763,0.105,0.662,138.185,276693,4
The Daughters Of Eve,Hey Lover / Stand by Me,Hey Lover,0bhwnn2xqnBUcMZDcXNuII,0.48,0.482,7,-11.45,0,0.0362,0.25,0.000289,0.345,0.684,128.16,144000,4
Sade,The Best of Sade,Smooth Operator - Single Version,1Hv1VTm8zeOeybub15mA2R,0.734,0.58,9,-6.619,0,0.0321,0.238,0.0006,0.0298,0.962,119.336,258693,4
Bill Withers,Lean on Me: The Best of Bill Withers,Lovely Day,0ACACkoHUwgfgY5CxVIL4N,0.694,0.565,9,-12.583,1,0.0345,0.194,0.000172,0.0806,0.692,97.938,255067,4
The Temper Trap,Conditions,Sweet Disposition,5RoIXwyTCdyUjpMMkk4uPd,0.531,0.821,2,-6.812,1,0.0439,0.0701,0.171,0.124,0.34,129.139,230800,4
Florence + The Machine,Lungs (Deluxe Edition),Dog Days Are Over,1YLJVmuzeM2YSUkCCaTNUB,0.492,0.81,7,-5.315,1,0.0847,0.0416,0.00379,0.117,0.245,149.954,251840,4
Jack Johnson,Jack Johnson And Friends: Sing-A-Longs And Lullabies For The Film Curious George,Upside Down,6shRGWCtBUOPFLFTTqXZIC,0.787,0.655,6,-8.339,0,0.0431,0.238,0.000171,0.138,0.65,102.485,208653,4
Toploader,Onka's Big Moka,Dancing in the Moonlight,3Fzlg5r1IjhLk2qRw667od,0.632,0.856,10,-3.463,1,0.0348,0.0624,0,0.347,0.867,119.397,232693,4
Fleetwood Mac,Rumours (Super Deluxe),Dreams - 2004 Remaster,0ofHAoxe9vBkTCp2UQIavz,0.828,0.492,0,-9.744,1,0.0276,0.0644,0.00428,0.128,0.789,120.151,257800,4
Kate Bush,Hounds Of Love,Running Up That Hill (A Deal With God),1PtQJZVZIdWIYdARpZRDFO,0.629,0.545,10,-13.123,0,0.0546,0.719,0.00308,0.0604,0.194,108.376,298933,4
Al Green,Let's Stay Together,Let's Stay Together,63xdwScd1Ai1GigAwQxE8y,0.756,0.401,7,-10.702,0,0.0526,0.582,0.011,0.0541,0.514,101.954,199396,4
Edison Lighthouse,Love Grows (Where My Rosemary Goes) & Other Gems,Love Grows (Where My Rosemary Goes),5Ts1DYOuouQLgzTaisxWYh,0.568,0.824,9,-4.613,1,0.0299,0.403,0,0.0855,0.753,108.625,174760,4
Elton John,Goodbye Yellow Brick Road (Remastered),Bennie And The Jets - Remastered 2014,5Wj1rJnCLpMHdLaxsFtJLs,0.665,0.673,0,-7.95,1,0.0493,0.259,7.62e-06,0.497,0.779,132.642,322549,4
Marvin Gaye,United,Ain't No Mountain High Enough,7tqhbajSfrz2F7E1Z75ASX,0.663,0.6,7,-10.87,1,0.032,0.43,0,0.184,0.8,129.991,151667,4
Jack Johnson,In Between Dreams,Banana Pancakes,451GvHwY99NKV4zdKPRWmv,0.816,0.375,7,-8.053,1,0.0996,0.607,8.66e-06,0.0933,0.615,114.303,191907,4
Edward Sharpe & The Magnetic Zeros,Up From Below (10th Anniversary Edition) [2019 - Remaster],Home - 2019 - Remaster,7KWGfnsUU4Ri46TIvjpAPx,0.53,0.634,2,-5.759,1,0.0311,0.249,0.000622,0.0979,0.106,111.615,306373,4
The Killers,Hot Fuss,Mr. Brightside,003vvx7Niy0yvhvHt4a68B,0.352,0.911,1,-5.23,1,0.0747,0.00121,0,0.0995,0.236,148.033,222973,4
Lenny Kravitz,Mama Said,It Ain't Over 'Til It's Over,6VnpKLtfNH4Dk09YSGPSyR,0.679,0.568,6,-10.74,1,0.0423,0.422,0.00928,0.322,0.93,159.69,242640,4
The Jackson 5,Anthology: Jackson 5,I Want You Back,3tSi6iFO9yLGIYIqMEgjC9,0.67,0.584,8,-8.325,1,0.034,0.439,0.00614,0.178,0.944,98.185,179227,4
Supergrass,I Should Coco,Alright,5xC8uOesnn0udeXAYlAnoY,0.467,0.958,4,-4.808,0,0.0775,0.000479,0.199,0.299,0.701,145.92,180880,4
Fleetwood Mac,Tango In the Night (Deluxe Edition),Everywhere - 2017 Remaster,254bXAqt3zP6P50BdQvEsq,0.73,0.487,4,-10.991,1,0.0303,0.258,0.01,0.0852,0.731,114.965,226653,4
Junior Senior,d-d-don't don't stop the beat (Explicit Content U.S. Version),Move Your Feet,4jacsL77ZYnpInmTtUBaJW,0.755,0.895,9,-2.619,1,0.0883,0.0507,0.0737,0.222,0.844,118.871,181907,4
The Temptations,The Temptations Sing Smokey,My Girl,745H5CctFr12Mo7cqa1BMH,0.572,0.418,0,-10.738,1,0.0349,0.635,0,0.0961,0.694,104.566,165000,4
Daryl Hall & John Oates,The Essential Daryl Hall & John Oates,Rich Girl,5E3P9e1hvjyIOlFyqNB5eD,0.598,0.643,5,-6.303,1,0.134,0.5,0,0.0435,0.823,167.971,144333,4
Train,Drops Of Jupiter,Drops of Jupiter (Tell Me),2hKdd3qO7cWr2Jo0Bcs0MA,0.481,0.638,0,-5.862,1,0.0276,0.153,0,0.154,0.497,79.064,259933,4
Billy Idol,Rebel Yell,Eyes Without A Face,0pUVeEgZuNyFzIMKp67RbS,0.391,0.815,9,-6.197,1,0.0518,0.0177,0.00226,0.276,0.647,84.383,299240,4
"Earth, Wind & Fire",September (sped up + slowed),September,3kXoKlD84c6OmIcOLfrfEs,0.674,0.832,9,-7.892,1,0.0308,0.146,5.06e-06,0.138,0.981,125.996,216022,4
Fleetwood Mac,Fleetwood Mac,Landslide,5ihS6UUlyQAfmp48eSkxuQ,0.414,0.161,7,-22.32,0,0.0318,0.883,0.000223,0.117,0.423,159.375,199493,4
American Authors,"Oh, What A Life",Best Day Of My Life,5Hroj5K7vLpIG4FNCRIjbP,0.673,0.902,2,-2.392,1,0.0346,0.0591,0.000262,0.0558,0.538,100.012,194240,4
Elton John,Too Low For Zero,I'm Still Standing,1jDJFeK9x3OZboIAHsY9k2,0.504,0.904,6,-6.863,1,0.179,0.356,0.121,0.14,0.772,176.808,183440,4
Jack Johnson,In Between Dreams,Better Together,4VywXu6umkIQ2OS0m1I79y,0.868,0.347,5,-9.529,1,0.0536,0.308,2e-05,0.11,0.659,110.059,207680,4
Electric Light Orchestra,Out of the Blue,Mr. Blue Sky,2RlgNHKcydI9sayD2Df2xp,0.388,0.338,10,-10.054,1,0.0329,0.652,3.73e-06,0.248,0.478,177.765,303373,4
The La's,The La's,There She Goes,0SMkzFGJOBFDI9KfYD55L0,0.536,0.854,7,-6.907,1,0.0298,0.0129,0.743,0.156,0.905,122.733,162160,4
Stevie Wonder,Songs In The Key Of Life,Sir Duke,4pNiE4LCVV74vfIBaUHm1b,0.588,0.568,6,-9.766,1,0.0672,0.16,0,0.0792,0.952,106.938,232760,4
Natalie Cole,Inseparable,This Will Be (An Everlasting Love),0PDCewmZCp0P5s00bptcdd,0.685,0.623,8,-11.146,1,0.042,0.228,0.00234,0.0295,0.896,126.739,171960,4
Rupert Holmes,Partners In Crime,Escape (The Pina Colada Song),5IMtdHjJ1OtkxbGe4zfUxQ,0.836,0.509,0,-13.668,1,0.0548,0.467,4.1e-06,0.0436,0.949,138.714,276493,4
Looking Glass,Looking Glass,Brandy (You're a Fine Girl),2BY7ALEWdloFHgQZG6VMLA,0.716,0.625,1,-11.369,0,0.0601,0.396,1.97e-05,0.134,0.826,125.276,186827,4
ABBA,Arrival,Dancing Queen,0GjEhVFGZW8afUYGChu3Rr,0.543,0.87,9,-6.514,1,0.0428,0.358,0.000939,0.792,0.754,100.804,230400,4
Elton John,Madman Across The Water,Tiny Dancer,2TVxnKdb3tqe1nhQWwwZCO,0.414,0.428,0,-11.097,1,0.0278,0.382,0.000243,0.148,0.282,145.075,377093,4
Train,"Save Me, San Francisco (Golden Gate Edition)","Hey, Soul Sister",4HlFJV71xXKIGcU3kRyttv,0.673,0.886,1,-4.44,0,0.0431,0.185,0,0.0826,0.795,97.012,216773,4
Jason Mraz,We Sing. We Dance. We Steal Things.,I'm Yours,1EzrEOXmMH3G43AXT1y7pA,0.703,0.444,11,-9.331,1,0.0417,0.559,0,0.0973,0.712,150.96,242947,4
Redbone,Come and Get Your Love,Come and Get Your Love - Single Version,7GVUmCP00eSsqc4tzj1sDD,0.731,0.804,11,-7.621,0,0.0473,0.172,0.00028,0.0685,0.957,107.383,205933,4
WALK THE MOON,TALKING IS HARD,Shut Up and Dance,4kbj5MwxO1bq9wjT5g9HaA,0.578,0.866,1,-3.804,1,0.0619,0.00701,0,0.257,0.619,128.038,199080,4
Stevie Wonder,"Signed, Sealed And Delivered","Signed, Sealed, Delivered (I'm Yours)",2eF8pWbiivYsYRpbntYsnc,0.675,0.597,5,-11.329,1,0.0337,0.0534,0,0.0986,0.828,108.875,161160,4
Elton John,Honky Chateau,"Rocket Man (I Think It's Going To Be A Long, Long Time)",3gdewACMIVMEWVbyb8O9sY,0.601,0.532,10,-9.119,1,0.0286,0.432,6.25e-06,0.0925,0.341,136.571,281613,4
Dexys Midnight Runners,Too Rye Ay,Come On Eileen,3MrWxJaD2AT0W9DjWF64Vm,0.45,0.656,2,-7.049,1,0.0472,0.664,3.02e-06,0.259,0.782,106.61,287307,4
New Radicals,Maybe You've Been Brainwashed Too,You Get What You Give,1Cwsd5xI8CajJz795oy4XF,0.621,0.901,2,-5.396,1,0.0302,0.17,0,0.0875,0.744,113.967,300773,4
Chaka Khan,Chaka,I'm Every Woman,1oFiPGBafH9Woo9AMwgBSl,0.603,0.886,0,-7.301,0,0.0465,0.0418,0.000171,0.295,0.727,114.045,249600,4
Stevie Wonder,For Once In My Life,For Once In My Life,4kP69y3GKHi9tXckfgp4bK,0.524,0.519,6,-11.903,1,0.043,0.195,0,0.523,0.847,110.121,169800,4
Fountains Of Wayne,Welcome Interstate Managers,Stacy's Mom,27L8sESb3KR79asDUBu8nW,0.774,0.75,11,-4.927,0,0.0412,0.00207,1.78e-05,0.0808,0.927,118.015,197987,4
Daryl Hall & John Oates,The Very Best of Daryl Hall / John Oates,You Make My Dreams (Come True),7HX9f8AMBl0vQxAoAzLqhS,0.749,0.484,5,-9.944,1,0.0484,0.13,0.137,0.0486,0.939,167.084,187600,4
The Beatles,Abbey Road (Remastered),Here Comes The Sun - Remastered 2009,6dGnYIeXmHdcikdzNNDMm2,0.557,0.54,9,-10.484,1,0.0347,0.0339,0.00248,0.179,0.394,129.171,185733,4
Elton John,Rock Of The Westies,Don't Go Breaking My Heart,7HW5WIw7ZgZORCzUxv5gW5,0.729,0.844,5,-8.824,1,0.0344,0.149,2.87e-06,0.0604,0.777,131.459,275440,4
The Flaming Lips,Yoshimi Battles the Pink Robots,Do You Realize??,2DFRFqWNahKtFD112H2iEZ,0.464,0.797,0,-5.244,1,0.0333,0.006,0.000304,0.392,0.547,129.964,213173,4
Blondie,Parallel Lines,Heart Of Glass,4v2rkl1mC3zVAz0nXMx9r4,0.77,0.654,4,-6.108,1,0.0361,0.0539,0.00047,0.0819,0.685,114.82,229423,4
Soft Cell,Non-Stop Erotic Cabaret,Tainted Love,58E1XVmZTODC67YNjneuXM,0.542,0.45,7,-9.931,0,0.0361,0.558,6.43e-06,0.579,0.626,144.437,153840,4
The Foundations,The Foundations,Build Me Up Buttercup,6sPOmDulFtLzfX25zICNrC,0.659,0.513,0,-7.186,1,0.0293,0.315,0,0.283,0.855,133.609,177533,4
Chaka Khan,"Epiphany: The Best of Chaka Khan, Vol. 1",Ain't Nobody,2NVpYQqdraEcQwqT7GhUkh,0.8,0.878,1,-7.109,1,0.0434,0.189,0.000104,0.14,0.816,104.282,280853,4
Billy Joel,An Innocent Man,Uptown Girl,5zA8vzDGqPl2AzZkEYQGKh,0.701,0.944,4,-2.986,1,0.0455,0.0755,0,0.601,0.792,128.993,197707,4
Frankie Valli & The Four Seasons,The Very Best of Frankie Valli & The 4 Seasons,"December, 1963 (Oh What a Night!)",7ePFDzrnLt3Ynqgy2UFWri,0.727,0.588,1,-9.568,1,0.0253,0.058,5.46e-06,0.0414,0.964,104.413,201093,4
Don McLean,American Pie,American Pie,1fDsrQ23eTAVFElUMaf38X,0.531,0.481,4,-11.709,0,0.06,0.699,0,0.0842,0.491,138.45,516893,4
Stevie Nicks,Crystal Visions...The Very Best of Stevie Nicks,Edge of Seventeen,2id8E4WvczfKHB4LHI7Np3,0.59,0.828,0,-6.28,1,0.0439,0.277,5.57e-06,0.0868,0.636,111.353,329680,4
Various Artists,Music From Party of Five,Send Me on My Way,6hs3SDnbO3f6VQuPO4KBEb,0.5,0.681,0,-9.556,1,0.0672,0.114,4.01e-05,0.139,0.745,119.46,263333,4
Macy Gray,On How Life Is,I Try,5TAf4lnZCZTLlZHNZMLFLi,0.593,0.642,2,-7.284,1,0.0299,0.313,0.000582,0.0804,0.736,76.403,239440,4
Jet,Get Born,Are You Gonna Be My Girl,305WCRhhS10XUcH6AEwZk6,0.613,0.953,2,-3.435,1,0.0855,0.00148,0.000582,0.152,0.537,105.046,213800,4
Various Artists,Reservoir Dogs (Original Motion Picture Soundtrack),Stuck In The Middle With You,1b7LMtXCXGc2EwOIplI35z,0.795,0.564,7,-10.482,1,0.0392,0.0934,0.000531,0.0631,0.961,124.166,203893,4
Rod Stewart,Blondes Have More Fun,Da Ya Think I'm Sexy?,4z7maGZkAonDlXlwo8q69f,0.715,0.689,2,-8.065,0,0.029,0.0143,0.000192,0.111,0.852,111.504,331333,4
The Beach Boys,The Beach Boys Love Songs,Wouldn't It Be Nice - Remastered 1999,0cx32rX0uZvcJUP92Wkj2y,0.429,0.543,5,-9.139,1,0.0347,0.536,2.54e-05,0.125,0.693,122.619,145107,4
Tal Bachman,Tal Bachman,She's so High,7mnGQesk1TzQLzQ9bYWZPR,0.537,0.84,9,-4.626,1,0.0363,0.2,2.15e-06,0.0998,0.211,124.269,224693,4
Queen,Jazz (Deluxe Remastered Version),Don't Stop Me Now - Remastered 2011,7hQJA50XrCWABAu5v6QZ4i,0.563,0.865,5,-5.277,1,0.16,0.0472,0.000191,0.77,0.601,156.271,209413,4
Bob Marley & The Wailers,Exodus,Three Little Birds,75FYqcxt1YEAtqDLrOeIJn,0.826,0.49,9,-10.477,1,0.0676,0.00916,4.41e-06,0.0415,0.627,74.126,180267,4
Bee Gees,How Can You Mend A Broken Heart,Stayin Alive,5ubvP9oKmxLUVq506fgLhk,0.702,0.773,10,-9.256,0,0.0343,0.0288,0.00871,0.147,0.953,103.564,285373,4
Rick Springfield,The Best Of Rick Springfield,Jessie's Girl,0TF3F5Lw5apoD1zvR8LikO,0.687,0.704,2,-7.923,1,0.0423,0.0745,0,0.0924,0.843,131.704,192867,4
Van Morrison,Blowin' Your Mind!,Brown Eyed Girl,3yrSvpt2l1xhsV9Em88Pul,0.491,0.583,7,-10.964,1,0.0376,0.185,0,0.406,0.908,150.566,183307,4
The Cranberries,"Everybody Else Is Doing It, So Why Can't We?",Dreams,4JGKZS7h4Qa16gOU3oNETV,0.551,0.643,4,-13.091,1,0.0353,0.00313,0.00385,0.421,0.514,128.661,271560,4
